,Steam id,Game,Current players,Peak players today,Release date,Review summary,Total reviews,Tags,video_url,describe
0,730,Counter-Strike: Global Offensive,736875,775266,21 Aug 2012,Very Positive,5993058.0,FPS:Shooter:Multiplayer:Competitive:Action:Team-Based:eSports:Tactical:First-Person:PvP:Online Co-Op:Co-op:Strategy:Military:War:Difficult:Trading:Realistic:Fast-Paced:Moddable,https://cdn.cloudflare.steamstatic.com/steam/apps/81958/movie_max.mp4?t=1554409259,"Counter-Strike: Global Offensive (CS: GO) expands upon the team-based action gameplay that it pioneered when it was launched 19 years ago. CS: GO features new maps, characters, weapons, and game modes, and delivers updated versions of the classic CS content (de_dust2, etc.)."
1,570,Dota 2,580933,649690,9 Jul 2013,Very Positive,1599180.0,Free to Play:MOBA:Multiplayer:Strategy:eSports:Team-Based:Competitive:Action:Online Co-Op:PvP:Difficult:Co-op:RTS:Tower Defense:Fantasy:RPG:Character Customization:Replay Value:Action RPG:Simulation,https://cdn.cloudflare.steamstatic.com/steam/apps/256692021/movie_max.mp4?t=1599609272,"Every day, millions of players worldwide enter battle as one of over a hundred Dota heroes. And no matter if it's their 10th hour of play or 1,000th, there's always something new to discover. With regular updates that ensure a constant evolution of gameplay, features, and heroes, Dota 2 has taken on a life of its own."
2,1063730,New World,243815,307146,28 Sep 2021,Mostly Positive,145931.0,Massively Multiplayer:Open World:MMORPG:Adventure:RPG:Action:PvP:PvE:Multiplayer:Fantasy:Character Customization:Crafting:Third Person:Walking Simulator:Open World Survival Craft:Sandbox:Co-op:Violent:Souls-like:Sexual Content,https://cdn.cloudflare.steamstatic.com/steam/apps/256864842/movie_max.mp4?t=1639667246,"Explore a thrilling, open-world MMO filled with danger and opportunity where you'll forge a new destiny on the supernatural island of Aeternum."
3,1172470,Apex Legends,121313,245235,4 Nov 2020,Very Positive,338236.0,Free to Play:Battle Royale:Multiplayer:Shooter:First-Person:PvP:FPS:Hero Shooter:Action:Team-Based:Survival:Character Customization:Sci-fi:Tactical:Loot:Funny:Lore-Rich:Cyberpunk:Cinematic:Science,https://cdn.cloudflare.steamstatic.com/steam/apps/256858965/movie_max.mp4?t=1636027442,"Apex Legends is the award-winning, free-to-play Hero shooter from Respawn Entertainment. Master an ever-growing roster of legendary characters with powerful abilities and experience strategic squad play and innovative gameplay in the next evolution of Hero Shooter and Battle Royale."
4,440,Team Fortress 2,104477,111884,10 Oct 2007,Very Positive,821568.0,Free to Play:Hero Shooter:Multiplayer:FPS:Shooter:Action:Class-Based:Team-Based:Funny:First-Person:Online Co-Op:Competitive:Cartoony:Trading:Co-op:Comedy:Robots:Tactical:Cartoon:Crafting,https://cdn.cloudflare.steamstatic.com/steam/apps/256698790/movie_max.mp4?t=1519429751,"Nine distinct classes provide a broad range of tactical abilities and personalities. Constantly updated with new game modes, maps, equipment and, most importantly, hats!"
5,578080,PUBG: BATTLEGROUNDS,103354,293759,21 Dec 2017,Mixed,1530629.0,Survival:Shooter:Multiplayer:Battle Royale:FPS:PvP:Third-Person Shooter:Action:Online Co-Op:Tactical:Co-op:First-Person:Strategy:Early Access:Competitive:Third Person:Team-Based:Difficult:Simulation:Stealth,https://cdn.cloudflare.steamstatic.com/steam/apps/256864911/movie_max.mp4?t=1639450117,"DISCLAIMER: The game will be free to play from January 12th, 2022. PUBG: BATTLEGROUNDS is a battle royale shooter that pits 100 players against each other in a struggle for survival. Gather supplies and outwit your opponents to become the last person standing."
6,252490,Rust,86156,110489,8 Feb 2018,Very Positive,554535.0,Survival:Crafting:Multiplayer:Open World:Open World Survival Craft:Building:Sandbox:PvP:Adventure:First-Person:Action:FPS:Nudity:Co-op:Shooter:Online Co-Op:Indie:Early Access:Post-apocalyptic:Simulation,https://cdn.cloudflare.steamstatic.com/steam/apps/256684736/movie_max.mp4?t=1624520315,"The only aim in Rust is to survive. Everything wants you to die - the island’s wildlife and other inhabitants, the environment, other survivors. Do whatever it takes to last another night."
7,1623660,MIR4,82361,91872,25 Aug 2021,Mixed,5344.0,PvE:PvP:Demons:MMORPG:Martial Arts:RPG:Action RPG:Hunting:Open World:Action:Fantasy:3D:War:Third Person:Trading:Lore-Rich:Massively Multiplayer:Economy:Foreign:Magic,Nan,MIR4 is a free-to-play open world Asian-fantasy MMORPG that can be cross-played on both PC and mobile devices. MIR4 is full of action and features numerous large scale clan PVP battles. Join now and become a legend.
8,271590,Grand Theft Auto V,82189,102182,13 Apr 2015,Very Positive,1102837.0,Open World:Action:Multiplayer:Automobile Sim:Crime:Third Person:First-Person:Shooter:Adventure:Mature:Singleplayer:Third-Person Shooter:Racing:Co-op:Atmospheric:Sandbox:Funny:Great Soundtrack:Comedy:Moddable,https://cdn.cloudflare.steamstatic.com/steam/apps/256757118/movie_max.mp4?t=1563930531,"Grand Theft Auto V for PC offers players the option to explore the award-winning world of Los Santos and Blaine County in resolutions of up to 4k and beyond, as well as the chance to experience the game running at 60 frames per second."
9,238960,Path of Exile,56781,66571,23 Oct 2013,Very Positive,172981.0,Free to Play:Action RPG:Hack and Slash:RPG:Multiplayer:Massively Multiplayer:Loot:Dungeon Crawler:Character Customization:Inventory Management:MMORPG:Action:Fantasy:Adventure:Singleplayer:Isometric:Online Co-Op:PvP:Horror:Point & Click,Nan,"You are an Exile, struggling to survive on the dark continent of Wraeclast, as you fight to earn power that will allow you to exact your revenge against those who wronged you. Created by hardcore gamers, Path of Exile is an online Action RPG set in a dark fantasy world."
10,381210,Dead by Daylight,55132,70049,14 Jun 2016,Very Positive,390086.0,Horror:Survival Horror:Multiplayer:Online Co-Op:Survival:Co-op:Gore:Stealth:Team-Based:Blood:Third Person:Violent:First-Person:Psychological Horror:Action:Atmospheric:Strategy:Comedy:Mature:Difficult,https://cdn.cloudflare.steamstatic.com/steam/apps/256862767/movie_max.mp4?t=1638294272,"Dead by Daylight is a multiplayer (4vs1) horror game where one player takes on the role of the savage Killer, and the other four players play as Survivors, trying to escape the Killer and avoid being caught and killed."
11,1085660,Destiny 2,49807,69444,1 Oct 2019,Very Positive,417292.0,Free to Play:PvP:Open World:FPS:Looter Shooter:PvE:MMORPG:Co-op:Shooter:First-Person:Sci-fi:Lore-Rich:Action:Massively Multiplayer:Loot:Competitive:Space:Adventure:Atmospheric:Cinematic,https://cdn.cloudflare.steamstatic.com/steam/apps/256851375/movie_max.mp4?t=1631639117,"Destiny 2 is an action MMO with a single evolving world that you and your friends can join anytime, anywhere, absolutely free."
12,252950,Rocket League,46488,55139,6 Jul 2015,Very Positive,396998.0,Multiplayer:Soccer:Competitive:Sports:Racing:Team-Based:Online Co-Op:Football:Fast-Paced:Co-op:Action:Funny:Great Soundtrack:Local Multiplayer:Split Screen:Local Co-Op:Singleplayer:4 Player Local:Casual:Indie,https://cdn.cloudflare.steamstatic.com/steam/apps/256860888/movie_max.mp4?t=1637164870,"Rocket League is a high-powered hybrid of arcade-style soccer and vehicular mayhem with easy-to-understand controls and fluid, physics-driven competition. Rocket League includes casual and competitive Online Matches, a fully-featured offline Season Mode, special “Mutators” that let you change the rules entirely, hockey and..."
13,1793660,Lost Ark Closed Technical Beta ,46487,69408,29 Oct 2021,Overwhelmingly Positive,1433.0,,https://cdn.cloudflare.steamstatic.com/steam/apps/256837207/movie_max.mp4?t=1631596678,"Embark on an odyssey for the Lost Ark in a vast, vibrant world: explore new lands, seek out lost treasures, and test yourself in thrilling action combat in this action-packed free-to-play RPG."
14,346110,ARK: Survival Evolved,45564,57966,27 Aug 2017,Very Positive,377192.0,Open World Survival Craft:Survival:Open World:Multiplayer:Dinosaurs:Crafting:Building:Adventure:Base Building:Co-op:Action:First-Person:Sandbox:Massively Multiplayer:Singleplayer:Early Access:RPG:Dragons:Sci-fi:Indie,https://cdn.cloudflare.steamstatic.com/steam/apps/256836250/movie_max.mp4?t=1622089232,"Stranded on the shores of a mysterious island, you must learn to survive. Use your cunning to kill or tame the primeval creatures roaming the land, and encounter other players to survive, dominate... and escape!"
15,1782210,Crab Game,43936,56106,29 Oct 2021,Very Positive,26449.0,Psychological Horror:Multiplayer:Hentai:Battle Royale:Action:PvP:Arcade:FPS:Platformer:Physics:First-Person:Casual:Free to Play:Combat:Runner:Racing:3D:Parkour:3D Platformer:Sci-fi,https://cdn.cloudflare.steamstatic.com/steam/apps/256857267/movie_max.mp4?t=1635098741,"Crab Game is a First-Person Multiplayer game where you play through several different minigames based on children's games, until only one player stands victorious."
16,227300,Euro Truck Simulator 2,43455,50108,12 Oct 2012,Overwhelmingly Positive,363276.0,Transportation:Driving:Automobile Sim:Simulation:Open World:Realistic:Immersive Sim:Relaxing:Moddable:Exploration:Economy:Atmospheric:Management:Third Person:Family Friendly:Multiplayer:Controller:Casual:Indie:Adventure,https://cdn.cloudflare.steamstatic.com/steam/apps/256843094/movie_max.mp4?t=1626371404,"Travel across Europe as king of the road, a trucker who delivers important cargo across impressive distances! With dozens of cities to explore, your endurance, skill and speed will all be pushed to their limits."
17,359550,Tom Clancy's Rainbow Six Siege,42071,52412,1 Dec 2015,Very Positive,831791.0,FPS:Hero Shooter:Multiplayer:Tactical:Shooter:Team-Based:Action:First-Person:Competitive:Co-op:Strategy:Realistic:Online Co-Op:Destruction:Physics:Atmospheric:Singleplayer:Massively Multiplayer:Casual:Simulation,https://cdn.cloudflare.steamstatic.com/steam/apps/256854729/movie_max.mp4?t=1633534183,Tom Clancy's Rainbow Six Siege is the latest installment of the acclaimed first-person shooter franchise developed by the renowned Ubisoft Montreal studio.
18,1569040,Football Manager 2022,40936,44497,9 Nov 2021,Very Positive,1942.0,Sports:Management:Real Time Tactics:Soccer:Simulation:Football:Strategy:eSports:Character Customization:2D:3D:Multiplayer:Text-Based:Singleplayer:Fantasy,https://cdn.cloudflare.steamstatic.com/steam/apps/256862105/movie_max.mp4?t=1637856927,"The closest thing to real football management. FM22 brings new, progressive ways to find your winning edge, instill your footballing style and earn it on the pitch."
19,1506830,FIFA 22,39535,43297,30 Sep 2021,Very Positive,8969.0,Soccer:Sports:Football:Competitive:Simulation:Multiplayer:Realistic:Singleplayer:Online Co-Op:Local Multiplayer:Local Co-Op:PvP:Controller:Family Friendly:eSports:Immersive Sim:Physics:Team-Based:Co-op:Cinematic,https://cdn.cloudflare.steamstatic.com/steam/apps/256852627/movie_max.mp4?t=1633113400,"Play FIFA 22, Get a Next Generation Player Item: receive an untradeable Next Generation Player Item in FIFA Ultimate Team starting December 15 when you play FIFA 22 by January 14, 2022*."
20,1466860,Age of Empires IV,37868,51869,28 Oct 2021,Very Positive,9709.0,Strategy:RTS:Multiplayer:Singleplayer:Medieval:Historical:Action RTS:War:Resource Management:PvP:PvE:3D:Base Building:Isometric:Co-op:City Builder:Sexual Content:Mature:Nudity,https://cdn.cloudflare.steamstatic.com/steam/apps/256858859/movie_max.mp4?t=1636080473,"One of the most beloved real-time strategy games returns to glory with Age of Empires IV, putting you at the center of epic historical battles that shaped the world."
21,236390,War Thunder,36322,43088,15 Aug 2013,Mostly Positive,257029.0,Free to Play:World War II:Multiplayer:Simulation:War:Flight:Tanks:Military:Massively Multiplayer:Action:Realistic:Historical:Shooter:Team-Based:Cold War:Singleplayer:PvP:Naval:Online Co-Op:Physics,https://cdn.cloudflare.steamstatic.com/steam/apps/256864973/movie_max.mp4?t=1639489808,"War Thunder is the most comprehensive free-to-play, cross-platform, MMO military game dedicated to aviation, armoured vehicles, and naval craft, from the early 20th century to the most advanced modern combat units. Join now and take part in major battles on land, in the air, and at sea."
22,230410,Warframe,34257,51872,25 Mar 2013,Very Positive,450939.0,Free to Play:Looter Shooter:Action:Multiplayer:Co-op:Third-Person Shooter:Sci-fi:Ninja:Shooter:Parkour:Space:Online Co-Op:Third Person:Futuristic:Massively Multiplayer:PvE:RPG:Hack and Slash:Singleplayer:FPS,https://cdn.cloudflare.steamstatic.com/steam/apps/256865155/movie_max.mp4?t=1639584706,Awaken as an unstoppable warrior and battle alongside your friends in this story-driven free-to-play online action game
23,431960,Wallpaper Engine,33689,62450,Nov 2018,Overwhelmingly Positive,391440.0,Mature:Utilities:Software:Anime:Design & Illustration:Animation & Modeling:Casual:Memes:Indie:Cute:Early Access:Funny:Action:Singleplayer:Music:NSFW:Sandbox:Photo Editing:Game Development:Horror,https://cdn.cloudflare.steamstatic.com/steam/apps/256735610/movie_max.mp4?t=1637933023,Use stunning live wallpapers on your desktop. Animate your own images to create new wallpapers or import videos/websites and share them on the Steam Workshop!
24,221100,DayZ,33472,39995,13 Dec 2018,Mixed,233507.0,Survival:Zombies:Multiplayer:Open World:Action:PvP:Shooter:Massively Multiplayer:Horror:Simulation:Post-apocalyptic:Early Access:FPS:First-Person:Survival Horror:Sandbox:Adventure:Co-op:Indie:Atmospheric,https://cdn.cloudflare.steamstatic.com/steam/apps/256790906/movie_max.mp4?t=1593118262,"How long can you survive a post-apocalyptic world? A land overrun with an infected ""zombie"" population, where you compete with other survivors for limited resources. Will you team up with strangers and stay strong together? Or play as a lone wolf to avoid betrayal? This is DayZ – this is your story."
25,444200,World of Tanks Blitz,31954,33709,9 Nov 2016,Very Positive,92260.0,Tanks:Free to Play:Action:Multiplayer:World War II:War:Massively Multiplayer:Shooter:PvP:Strategy:Military:Online Co-Op:Simulation:Competitive:FPS:Arcade:Singleplayer:Psychological Horror:Open World:First-Person,https://cdn.cloudflare.steamstatic.com/steam/apps/256837759/movie_max.mp4?t=1623154959,How about plunging into the world of esports and receiving a mountain of rewards? Join us for Blitz Cup streams and get cool prizes!
26,289070,Sid Meier's Civilization VI,31401,43072,20 Oct 2016,Very Positive,131904.0,Strategy:Turn-Based Strategy:Historical:Multiplayer:Singleplayer:Turn-Based:Grand Strategy:4X:War:Simulation:City Builder:Tactical:Great Soundtrack:Moddable:Building:Management:Online Co-Op:Co-op:Hex Grid:Atmospheric,https://cdn.cloudflare.steamstatic.com/steam/apps/256672703/movie_max.mp4?t=1476737110,"Civilization VI offers new ways to interact with your world, expand your empire across the map, advance your culture, and compete against history’s greatest leaders to build a civilization that will stand the test of time. Play as one of 20 historical leaders including Roosevelt (America) and Victoria (England)."
27,304930,Unturned,31210,34753,7 Jul 2017,Very Positive,454848.0,Free to Play:Survival:Zombies:Open World Survival Craft:Multiplayer:Open World:Adventure:Crafting:Action:First-Person:Co-op:Sandbox:Shooter:Post-apocalyptic:FPS:Singleplayer:Massively Multiplayer:Indie:Casual:Atmospheric,https://cdn.cloudflare.steamstatic.com/steam/apps/256688960/movie_max.mp4?t=1498844715,"You're a survivor in the zombie infested ruins of society, and must work with your friends and forge alliances to remain among the living."
28,394360,Hearts of Iron IV,30358,37946,6 Jun 2016,Very Positive,110116.0,Strategy:World War II:Grand Strategy:Historical:War:Military:Alternate History:Multiplayer:Simulation:Tactical:Real-Time with Pause:RTS:Singleplayer:Diplomacy:Sandbox:Co-op:Great Soundtrack:Open World:Action:Casual,https://cdn.cloudflare.steamstatic.com/steam/apps/256847185/movie_max.mp4?t=1629210246,"Victory is at your fingertips! Your ability to lead your nation is your supreme weapon, the strategy game Hearts of Iron IV lets you take command of any nation in World War II; the most engaging conflict in world history."
29,39210,FINAL FANTASY XIV Online,29663,42433,18 Feb 2014,Very Positive,42331.0,MMORPG:RPG:Massively Multiplayer:Fantasy:JRPG:Great Soundtrack:Character Customization:Open World:Story Rich:Anime:Multiplayer:Adventure:Magic:Action:Atmospheric:Co-op:Action RPG:Online Co-Op:Female Protagonist:Singleplayer,Nan,Take part in an epic and ever-changing FINAL FANTASY as you adventure and explore with friends from around the world.
30,4000,Garry's Mod,29072,38548,29 Nov 2006,Overwhelmingly Positive,640525.0,Sandbox:Multiplayer:Funny:Moddable:Building:Comedy:Co-op:Mod:First-Person:Physics:Simulation:Online Co-Op:FPS:Singleplayer:Action:Shooter:Animation & Modeling:Indie:Massively Multiplayer:Adventure,Nan,Garry's Mod is a physics sandbox. There aren't any predefined aims or goals. We give you the tools and leave you to play.
31,105600,Terraria,28993,41943,16 May 2011,Overwhelmingly Positive,657407.0,Open World Survival Craft:Sandbox:Survival:2D:Multiplayer:Adventure:Crafting:Pixel Graphics:Building:Exploration:Co-op:Open World:Indie:Online Co-Op:Action:RPG:Singleplayer:Replay Value:Platformer:Atmospheric,https://cdn.cloudflare.steamstatic.com/steam/apps/256785003/movie_max.mp4?t=1589654781,"Dig, fight, explore, build! Nothing is impossible in this action-packed adventure game. Four Pack also available!"
32,787860,Farming Simulator 19,28484,35522,19 Nov 2018,Very Positive,46729.0,Simulation:Farming Sim:Multiplayer:Agriculture:Realistic:Open World:Driving:Management:Singleplayer:Automobile Sim:Moddable:Co-op:Resource Management:Relaxing:First-Person:Online Co-Op:Economy:Family Friendly:Strategy:Atmospheric,https://cdn.cloudflare.steamstatic.com/steam/apps/256736148/movie_max.mp4?t=1542712288,"The best-selling franchise takes a giant leap forward with a complete overhaul of the graphics engine, offering the most striking and immersive visuals and effects, along with the deepest and most complete farming experience ever."
33,1263850,Football Manager 2021,27521,32286,23 Nov 2020,Very Positive,13031.0,Sports:Simulation:Management:Multiplayer:Singleplayer:Soccer:Football:Strategy:Co-op:Free to Play,Nan,"New additions and game upgrades deliver added levels of depth, drama and football authenticity. FM21 empowers you like never before to develop your skills and command success at your club."
34,548430,Deep Rock Galactic,27391,41733,13 May 2020,Overwhelmingly Positive,81701.0,Looter Shooter:Loot:Horror:Co-op:PvE:Exploration:FPS:Shooter:First-Person:Procedural Generation:Action Roguelike:Action:Combat:Class-Based:Sci-fi:Space:Atmospheric:Dark:Open World:Survival,https://cdn.cloudflare.steamstatic.com/steam/apps/256858709/movie_max.mp4?t=1636025521,"Deep Rock Galactic is a 1-4 player co-op FPS featuring badass space Dwarves, 100% destructible environments, procedurally-generated caves, and endless hordes of alien monsters."
35,218620,PAYDAY 2,26697,34837,13 Aug 2013,Very Positive,345551.0,Co-op:Action:FPS:Heist:Looter Shooter:Online Co-Op:Multiplayer:Stealth:Crime:Shooter:Team-Based:First-Person:Great Soundtrack:Gun Customization:Tactical:PvE:Strategy:Singleplayer:Simulation:Funny,https://cdn.cloudflare.steamstatic.com/steam/apps/256766497/movie_max.mp4?t=1573055178,"PAYDAY 2 is an action-packed, four-player co-op shooter that once again lets gamers don the masks of the original PAYDAY crew - Dallas, Hoxton, Wolf and Chains - as they descend on Washington DC for an epic crime spree."
36,1454400,Cookie Clicker,24689,25591,1 Sep 2021,Overwhelmingly Positive,15626.0,Clicker:Idler:Casual:Indie:Collectathon:Pixel Graphics:Management:Economy:Building:Funny:Life Sim:Strategy:Psychological Horror:Simulation:Memes:Resource Management:2D:Comedy:Colorful:Touch-Friendly,https://cdn.cloudflare.steamstatic.com/steam/apps/256845926/movie_max.mp4?t=1630522489,"An idle game about making cookies! Originally released in 2013 on the web, and actively developed since then. This is the official version for Steam."
37,413150,Stardew Valley,22971,34303,26 Feb 2016,Overwhelmingly Positive,338764.0,Farming Sim:Life Sim:RPG:Pixel Graphics:Multiplayer:Agriculture:Relaxing:Simulation:Crafting:Sandbox:Indie:Building:Singleplayer:Casual:Open World:2D:Great Soundtrack:Cute:Dating Sim:Fishing,https://cdn.cloudflare.steamstatic.com/steam/apps/256660296/movie_max.mp4?t=1454099186,"You've inherited your grandfather's old farm plot in Stardew Valley. Armed with hand-me-down tools and a few coins, you set out to begin your new life. Can you learn to live off the land and turn these overgrown fields into a thriving home?"
38,480,Spacewar,22827,26884,,,,,Nan,Nan
39,594570,Total War: WARHAMMER II,21564,27420,28 Sep 2017,Very Positive,71061.0,Strategy:Fantasy:Turn-Based Strategy:RTS:Grand Strategy:War:Multiplayer:Games Workshop:Action:Turn-Based:Singleplayer:Dark Fantasy:Co-op:Tactical:Real Time Tactics:Story Rich:Atmospheric:Dinosaurs:Great Soundtrack:Warhammer 40K,https://cdn.cloudflare.steamstatic.com/steam/apps/256696684/movie_max.mp4?t=1506534394,"Strategy gaming perfected. A breath-taking campaign of exploration, expansion and conquest across a fantasy world. Turn-based civilisation management and real-time epic strategy battles with thousands of troops and monsters at your command."
40,306130,The Elder Scrolls Online,20381,24547,22 May 2017,Very Positive,89384.0,RPG:MMORPG:Open World:Massively Multiplayer:Multiplayer:Fantasy:Adventure:First-Person:Exploration:Story Rich:Third Person:Magic:Co-op:Action:Atmospheric:Great Soundtrack:Action RPG:Singleplayer:Sandbox:Character Customization,https://cdn.cloudflare.steamstatic.com/steam/apps/256848720/movie_max.mp4?t=1629982331,"Join over 18 million players in the award-winning online multiplayer RPG and experience limitless adventure in a persistent Elder Scrolls world. Battle, craft, steal, or explore, and combine different types of equipment and abilities to create your own style of play. No game subscription required."
41,489830,The Elder Scrolls V: Skyrim Special Edition,20363,27744,27 Oct 2016,Very Positive,82849.0,Open World:RPG:Adventure:Singleplayer:Fantasy:Character Customization:Dragons:Moddable:Story Rich:Magic:First-Person:Action:Atmospheric:Great Soundtrack:Third Person:Stealth:Classic:Remake:Female Protagonist:Walking Simulator,https://cdn.cloudflare.steamstatic.com/steam/apps/256672927/movie_max.mp4?t=1476991615,"Winner of more than 200 Game of the Year Awards, Skyrim Special Edition brings the epic fantasy to life in stunning detail. The Special Edition includes the critically acclaimed game and add-ons with all-new features like remastered art and effects, volumetric god rays, dynamic depth of field, screen-space reflections, and more."
42,892970,Valheim,20305,31269,2 Feb 2021,Overwhelmingly Positive,242379.0,Open World Survival Craft:Online Co-Op:Survival:Open World:Crafting:Building:Multiplayer:Exploration:Co-op:Base Building:Sandbox:Adventure:Mythology:Sailing:RPG:Early Access:Action:Indie:PvP:Fishing,https://cdn.cloudflare.steamstatic.com/steam/apps/256820008/movie_max.mp4?t=1612278985,"A brutal exploration and survival game for 1-10 players, set in a procedurally-generated purgatory inspired by viking culture. Battle, build, and conquer your way to a saga worthy of Odin’s patronage!"
43,594650,Hunt: Showdown,20177,26565,27 Aug 2019,Very Positive,82794.0,Multiplayer:Hunting:Dark:FPS:Battle Royale:Perma Death:Western:Zombies:Shooter:Survival:Violent:Team-Based:Horror:Open World:PvP:Survival Horror:Online Co-Op:Action:First-Person:Atmospheric,https://cdn.cloudflare.steamstatic.com/steam/apps/256843177/movie_max.mp4?t=1637763850,"Hunt: Showdown is a thrilling, high-stakes PvPvE first-person shooter. Take down nightmarish monsters, as you compete for the bounties that will bring you glory, gear, and gold in this unforgiving – and unforgettable - online multiplayer experience."
44,377160,Fallout 4,19764,26885,9 Nov 2015,Very Positive,162188.0,Open World:Post-apocalyptic:Exploration:Singleplayer:RPG:Atmospheric:Adventure:Shooter:First-Person:Story Rich:Action:Sci-fi:FPS:Action RPG:Sandbox:Great Soundtrack:Third Person:Survival:Third-Person Shooter:Casual,https://cdn.cloudflare.steamstatic.com/steam/apps/256658080/movie_max.mp4?t=1447378809,"Bethesda Game Studios, the award-winning creators of Fallout 3 and The Elder Scrolls V: Skyrim, welcome you to the world of Fallout 4 – their most ambitious game ever, and the next generation of open-world gaming."
45,739630,Phasmophobia,19312,31180,18 Sep 2020,Overwhelmingly Positive,285083.0,Horror:Online Co-Op:Multiplayer:Psychological Horror:Co-op:Supernatural:VR:First-Person:Investigation:Dark:Mystery:Detective:Demons:Early Access:Thriller:3D:Indie:Action:Tactical:Lovecraftian,https://cdn.cloudflare.steamstatic.com/steam/apps/256776660/movie_max.mp4?t=1583525286,Phasmophobia is a 4 player online co-op psychological horror. Paranormal activity is on the rise and it’s up to you and your team to use all the ghost hunting equipment at your disposal in order to gather as much evidence as you can.
46,291550,Brawlhalla,18771,24439,17 Oct 2017,Very Positive,251273.0,Free to Play:Multiplayer:Fighting:Casual:Fantasy:2D Fighter:2D Platformer:Family Friendly:Action:Cartoony:Local Multiplayer:eSports:Co-op:Platformer:Online Co-Op:Controller:4 Player Local:Local Co-Op:Singleplayer:Indie,https://cdn.cloudflare.steamstatic.com/steam/apps/256861558/movie_max.mp4?t=1637596017,"An epic platform fighter for up to 8 players online or local. Try casual free-for-alls, ranked matches, or invite friends to a private room. And it's free! Play cross-platform with millions of players on PlayStation, Xbox, Nintendo Switch, iOS, Android &amp; Steam! Frequent updates. Over fifty Legends."
47,292030,The Witcher 3: Wild Hunt,18571,24182,18 May 2015,Overwhelmingly Positive,514840.0,Open World:RPG:Story Rich:Atmospheric:Mature:Fantasy:Adventure:Singleplayer:Choices Matter:Nudity:Great Soundtrack:Third Person:Action:Medieval:Multiple Endings:Action RPG:Magic:Dark Fantasy:Dark:Sandbox,https://cdn.cloudflare.steamstatic.com/steam/apps/256658589/movie_max.mp4?t=1528288687,"As war rages on throughout the Northern Realms, you take on the greatest contract of your life — tracking down the Child of Prophecy, a living weapon that can alter the shape of the world."
48,582660,Black Desert,18358,19447,24 May 2017,Mostly Positive,36399.0,MMORPG:Massively Multiplayer:RPG:Open World:Character Customization:Adventure:Fantasy:Strategy:Action:3D:Simulation:Atmospheric:Crafting:Cooking:Magic:Medieval:PvP:Multiplayer:War:Combat,https://cdn.cloudflare.steamstatic.com/steam/apps/256839977/movie_max.mp4?t=1624406481,"Black Desert is a sandbox, living-world MMORPG. Experience fast-paced, action-packed combat, hunt monsters and huge bosses, fight with friends in a guild to siege nodes and conquer castles, train your life skills such as fishing, trading, crafting, cooking, and much more!"
49,8930,Sid Meier's Civilization V,18267,23350,23 Sep 2010,Overwhelmingly Positive,109910.0,Turn-Based Strategy:Strategy:Turn-Based:Multiplayer:Historical:4X:Addictive:Singleplayer:Hex Grid:Grand Strategy:Replay Value:Co-op:Tactical:Economy:Diplomacy:Moddable:Simulation:Classic:Great Soundtrack:Touch-Friendly,https://cdn.cloudflare.steamstatic.com/steam/apps/5690/movie_max.mp4?t=1447353146,"Create, discover, and download new player-created maps, scenarios, interfaces, and more!"
50,236850,Europa Universalis IV,17757,22533,13 Aug 2013,Very Positive,68209.0,Grand Strategy:Historical:Simulation:Alternate History:Economy:Military:Sandbox:Political:Diplomacy:Strategy:Real-Time with Pause:Nonlinear:Moddable:Replay Value:Management:Singleplayer:Multiplayer:Resource Management:Education:Great Soundtrack,https://cdn.cloudflare.steamstatic.com/steam/apps/256846528/movie_max.mp4?t=1628784019,"Four centuries of detailed history come alive in Paradox’s classic grand strategy game. Lead any nation from Renaissance to Revolution in a complex simulation of the early modern world. Master the art of war, diplomacy and trade to shape and change your nation’s history!"
51,960090,Bloons TD 6,17712,24432,17 Dec 2018,Overwhelmingly Positive,119335.0,Strategy:Tower Defense:Multiplayer:Singleplayer:Co-op:Online Co-Op:Family Friendly:Casual:3D:Sandbox:Cartoony:Difficult:Funny:Great Soundtrack:Survival:Action:Cute:Indie:2D:Adventure,https://cdn.cloudflare.steamstatic.com/steam/apps/256781516/movie_max.mp4?t=1586789526,The Bloons are back and better than ever! Get ready for a massive 3D tower defense game designed to give you hours and hours of the best strategy gaming available.
52,294100,RimWorld,17174,22327,17 Oct 2018,Overwhelmingly Positive,97268.0,Colony Sim:Base Building:Survival:Strategy:Management:Sandbox:Building:Simulation:City Builder:Singleplayer:Procedural Generation:Moddable:Open World:2D:Sci-fi:Indie:Tactical RPG:Western:Space:Cartoony,https://cdn.cloudflare.steamstatic.com/steam/apps/256731486/movie_max.mp4?t=1539788136,"A sci-fi colony sim driven by an intelligent AI storyteller. Generates stories by simulating psychology, ecology, gunplay, melee combat, climate, biomes, diplomacy, interpersonal relationships, art, medicine, trade, and more."
53,251570,7 Days to Die,17023,23530,13 Dec 2013,Very Positive,130563.0,Early Access:Survival:Zombies:Voxel:Open World:Open World Survival Craft:Post-apocalyptic:Multiplayer:Exploration:Base Building:Simulation:Online Co-Op:Strategy:Sandbox:Building:Character Customization:Procedural Generation:Tower Defense:FPS:Action,Nan,Nan
54,261550,Mount & Blade II: Bannerlord,15296,19285,30 Mar 2020,Very Positive,135467.0,Medieval:Strategy:Open World:RPG:War:Multiplayer:Sandbox:Action:Singleplayer:Simulation:Moddable:Character Customization:Adventure:Horses:Realistic:Third Person:First-Person:Historical:Great Soundtrack:Early Access,https://cdn.cloudflare.steamstatic.com/steam/apps/256779591/movie_max.mp4?t=1585560419,"The horns sound, the ravens gather. An empire is torn by civil war. Beyond its borders, new kingdoms rise. Gird on your sword, don your armour, summon your followers and ride forth to win glory on the battlefields of Calradia. Establish your hegemony and create a new world out of the ashes of the old."
55,10,Counter-Strike,15244,15752,1 Nov 2000,Overwhelmingly Positive,111163.0,Action:FPS:Multiplayer:Shooter:Classic:Team-Based:First-Person:Competitive:Tactical:1990's:eSports:PvP:Old School:Military:Strategy:Survival:Score Attack:1980s:Assassin:Violent,Nan,Play the world's number 1 online action game. Engage in an incredibly realistic brand of terrorist warfare in this wildly popular team-based game. Ally with teammates to complete strategic missions. Take out enemy sites. Rescue hostages. Your role affects your team's success. Your team's success affects your role.
56,1203220,NARAKA: BLADEPOINT,15067,83335,11 Aug 2021,Very Positive,54551.0,Battle Royale:Multiplayer:Martial Arts:Survival:Sexual Content:PvP:Hack and Slash:Third Person:Parkour:Action:Massively Multiplayer:Violent:Gore:Nudity:Swordplay:Character Customization:Adventure:Female Protagonist:Fighting:Anime,https://cdn.cloudflare.steamstatic.com/steam/apps/256864292/movie_max.mp4?t=1639310742,"BRUCE LEE and his iconic Nunchucks now have joined NARAKA: BLADEPOINT, the up to 60-player PVP mythical action combat experience with martial arts inspired melee combat, gravity defying mobility, vast arsenals of melee &amp; ranged weapons, legendary customizable heroes with epic abilities."
57,813780,Age of Empires II: Definitive Edition,15041,20732,14 Nov 2019,Very Positive,80233.0,Strategy:RTS:City Builder:Multiplayer:Base Building:Historical:Medieval:Singleplayer:Classic:Resource Management:Tactical:Real-Time:Remake:Co-op:Action:Replay Value:Isometric:Adventure:2D:Great Soundtrack,https://cdn.cloudflare.steamstatic.com/steam/apps/256810032/movie_max.mp4?t=1605737896,"Age of Empires II: Definitive Edition features “The Last Khans” with 3 new campaigns and 4 new Civilizations. Frequent updates include events, additional content, new game modes, and enhanced features with the recent addition of Co-Op mode!"
58,526870,Satisfactory,14372,19946,8 Jun 2020,Overwhelmingly Positive,63576.0,Base Building:Open World:Automation:Multiplayer:Crafting:Co-op:Resource Management:Building:Sandbox:Exploration:Adventure:Simulation:Early Access:Strategy:Open World Survival Craft:Survival:Indie:First-Person:Sci-fi:Singleplayer,https://cdn.cloudflare.steamstatic.com/steam/apps/256861712/movie_max.mp4?t=1637686916,"Satisfactory is a first-person open-world factory building game with a dash of exploration and combat. Play alone or with friends, explore an alien planet, create multi-story factories, and enter conveyor belt heaven!"
59,1174180,Red Dead Redemption 2,14346,19504,5 Dec 2019,Very Positive,190786.0,Open World:Adventure:Story Rich:Western:Action:Multiplayer:Shooter:Realistic:Singleplayer:Third-Person Shooter:Atmospheric:Horses:Beautiful:Great Soundtrack:Third Person:Mature:Sandbox:First-Person:Gore:FPS,https://cdn.cloudflare.steamstatic.com/steam/apps/256768279/movie_max.mp4?t=1574881436,"Winner of over 175 Game of the Year Awards and recipient of over 250 perfect scores, RDR2 is the epic tale of outlaw Arthur Morgan and the infamous Van der Linde gang, on the run across America at the dawn of the modern age. Also includes access to the shared living world of Red Dead Online."
60,250900,The Binding of Isaac: Rebirth,14298,16540,4 Nov 2014,Overwhelmingly Positive,152567.0,Action Roguelike:Roguelike:Indie:Replay Value:Difficult:Pixel Graphics:Dungeon Crawler:Great Soundtrack:Singleplayer:Dark:2D:Remake:Local Co-Op:Gore:Procedural Generation:Roguelite:Atmospheric:Action:Co-op:Horror,https://cdn.cloudflare.steamstatic.com/steam/apps/2034156/movie_max.mp4?t=1447363402,"The Binding of Isaac: Rebirth is a randomly generated action RPG shooter with heavy Rogue-like elements. Following Isaac on his journey players will find bizarre treasures that change Isaac’s form giving him super human abilities and enabling him to fight off droves of mysterious creatures, discover secrets and fight his way to safety."
61,550,Left 4 Dead 2,14277,21108,16 Nov 2009,Overwhelmingly Positive,390516.0,Zombies:Co-op:FPS:Multiplayer:Shooter:Action:Online Co-Op:Survival:Horror:First-Person:Gore:Team-Based:Survival Horror:Moddable:Post-apocalyptic:Singleplayer:Adventure:Local Co-Op:Replay Value:Tactical,https://cdn.cloudflare.steamstatic.com/steam/apps/5952/movie_max.mp4?t=1447353587,"Set in the zombie apocalypse, Left 4 Dead 2 (L4D2) is the highly anticipated sequel to the award-winning Left 4 Dead, the #1 co-op game of 2008. This co-operative action horror FPS takes you and your friends through the cities, swamps and cemeteries of the Deep South, from Savannah to New Orleans across five expansive campaigns."
62,386360,SMITE,13945,19572,8 Sep 2015,Very Positive,91817.0,Free to Play:MOBA:Multiplayer:Action:Third Person:Mythology:Team-Based:Competitive:PvP:Strategy:Co-op:Massively Multiplayer:eSports:RPG:Adventure:MMORPG:Funny:Casual:Nudity:Survival,https://cdn.cloudflare.steamstatic.com/steam/apps/256852054/movie_max.mp4?t=1631905163,"Join 35+ million players in SMITE, the Battleground of the Gods! Wield Thor’s hammer, turn your foes to stone as Medusa, or flex your divine power as one of 100+ other mythological icons. Become a God and play FREE today!"
63,107410,Arma 3,13821,21420,12 Sep 2013,Very Positive,153204.0,Action:Multiplayer:Military:Simulation:Shooter:First-Person:Realistic:Open World:Tactical:FPS:War:Co-op:Strategy:Sandbox:Moddable:Combat:Online Co-Op:Singleplayer:Team-Based:Third-Person Shooter,https://cdn.cloudflare.steamstatic.com/steam/apps/2029388/movie_max.mp4?t=1447358827,"Experience true combat gameplay in a massive military sandbox. Deploying a wide variety of single- and multiplayer content, over 20 vehicles and 40 weapons, and limitless opportunities for content creation, this is the PC’s premier military game. Authentic, diverse, open - Arma 3 sends you to war."
64,438100,VRChat,13419,21397,1 Feb 2017,Very Positive,111066.0,VR:Free to Play:Memes:Anime:Funny:Multiplayer:Massively Multiplayer:Early Access:First-Person:Open World:Simulation:Casual:Adventure:Horror:Sports:MMORPG:FPS:Comedy:Sandbox:Action,https://cdn.cloudflare.steamstatic.com/steam/apps/256738338/movie_max.mp4?t=1544752288,"Join our growing community as you explore, play, and help craft the future of social VR. Create worlds and custom avatars. Welcome to VRChat."
65,255710,Cities: Skylines,13392,17602,10 Mar 2015,Very Positive,129733.0,City Builder:Simulation:Building:Management:Strategy:Sandbox:Singleplayer:Moddable:Economy:Resource Management:Mod:Realistic:Replay Value:Casual:Modern:Real-Time with Pause:Family Friendly:Great Soundtrack:Funny:Action,https://cdn.cloudflare.steamstatic.com/steam/apps/256785384/movie_max.mp4?t=1589550020,Cities: Skylines is a modern take on the classic city simulation. The game introduces new game play elements to realize the thrill and hardships of creating and maintaining a real city whilst expanding on some well-established tropes of the city building experience.
66,281990,Stellaris,13271,19086,9 May 2016,Very Positive,81999.0,Space:Grand Strategy:Sci-fi:Strategy:Exploration:4X:Sandbox:Simulation:Moddable:Real-Time with Pause:Multiplayer:Singleplayer:Diplomacy:Management:Futuristic:Procedural Generation:Military:Replay Value:Great Soundtrack:Atmospheric,https://cdn.cloudflare.steamstatic.com/steam/apps/256725083/movie_max.mp4?t=1589230189,"Explore a galaxy full of wonders in this sci-fi grand strategy game from Paradox Development Studios. Interact with diverse alien races, discover strange new worlds with unexpected events and expand the reach of your empire. Each new adventure holds almost limitless possibilities."
67,427520,Factorio,12821,17072,14 Aug 2020,Overwhelmingly Positive,102841.0,Automation:Base Building:Resource Management:Sandbox:Crafting:Strategy:Multiplayer:Survival:Management:Open World:Co-op:Building:2D:Casual:Moddable:Singleplayer:Simulation:Trains:Pixel Graphics:City Builder,https://cdn.cloudflare.steamstatic.com/steam/apps/256796273/movie_max.mp4?t=1597395499,"Factorio is a game about building and creating automated factories to produce items of increasing complexity, within an infinite 2D world. Use your imagination to design your factory, combine simple elements into ingenious structures, and finally protect it from the creatures who don't really like you."
68,1158310,Crusader Kings III,12149,15487,1 Sep 2020,Very Positive,41696.0,Strategy:RPG:Simulation:Medieval:Grand Strategy:Historical:Political:Singleplayer:War:Multiplayer:Choices Matter:Sandbox:Management:Character Customization:Real-Time with Pause:Moddable:PvP:Sexual Content:Nudity:Dating Sim,https://cdn.cloudflare.steamstatic.com/steam/apps/256799392/movie_max.mp4?t=1598976952,"Love, fight, scheme, and claim greatness. Determine your noble house’s legacy in the sprawling grand strategy of Crusader Kings III. Death is only the beginning as you guide your dynasty’s bloodline in the rich and larger-than-life simulation of the Middle Ages."
69,1281930,tModLoader,12133,19069,16 May 2020,Overwhelmingly Positive,91358.0,Adventure:Action:Indie:RPG:Free to Play:Mod:Sandbox:Moddable:Multiplayer:2D:Building:Pixel Graphics:Survival:Singleplayer:Great Soundtrack:Replay Value:Online Co-Op:Open World Survival Craft:Co-op:Difficult,https://cdn.cloudflare.steamstatic.com/steam/apps/256784635/movie_max.mp4?t=1589401429,"Dig, Fight, and Build your way through the world of player-created mods on Terraria with tModLoader - this DLC makes modding Terraria a reality!"
70,629520,Soundpad,12006,13569,30 Sep 2017,Overwhelmingly Positive,29427.0,Utilities:Audio Production:Music:Software:Memes:Funny:Psychological Horror:Free to Play:Sexual Content:Hentai,https://cdn.cloudflare.steamstatic.com/steam/apps/256695572/movie_max.mp4?t=1506794128,"Play sounds in voice chats in high digital quality. Add sounds or music to your microphone signal so others will hear it, too."
71,322330,Don't Starve Together,11181,25247,21 Apr 2016,Overwhelmingly Positive,189338.0,Survival:Open World Survival Craft:Multiplayer:Co-op:Open World:Adventure:Crafting:Online Co-Op:Sandbox:Difficult:Indie:2D:Funny:Atmospheric:Survival Horror:Strategy:Singleplayer:Horror:Action:Simulation,https://cdn.cloudflare.steamstatic.com/steam/apps/256865345/movie_max.mp4?t=1639676320,"Fight, Farm, Build and Explore Together in the standalone multiplayer expansion to the uncompromising wilderness survival game, Don't Starve."
72,374320,DARK SOULS™ III,10947,13670,11 Apr 2016,Very Positive,189753.0,Souls-like:Dark Fantasy:Difficult:RPG:Atmospheric:Lore-Rich:Third Person:Exploration:Story Rich:Action RPG:Co-op:Great Soundtrack:Adventure:Action:PvP:Multiplayer:Open World:Singleplayer:Replay Value:Character Customization,https://cdn.cloudflare.steamstatic.com/steam/apps/256663134/movie_max.mp4?t=1511366737,"Dark Souls continues to push the boundaries with the latest, ambitious chapter in the critically-acclaimed and genre-defining series. Prepare yourself and Embrace The Darkness!"
73,513710,SCUM,10932,13659,29 Aug 2018,Mostly Positive,52970.0,Survival:Open World Survival Craft:Multiplayer:Open World:Zombies:Massively Multiplayer:Action:Early Access:Adventure:Crafting:Realistic:Nudity:FPS:Violent:Singleplayer:PvP:Third Person:Indie:Gore:RPG,https://cdn.cloudflare.steamstatic.com/steam/apps/256844715/movie_max.mp4?t=1627579280,"SCUM aims to evolve the multiplayer open world survival game with unprecedented levels of character customization, control and progression, where knowledge and skills are the ultimate weapons for long-term survival."
74,582010,Monster Hunter: World,10024,22234,9 Aug 2018,Very Positive,201359.0,Co-op:Multiplayer:Action:Open World:RPG:Third Person:Character Customization:Adventure:Fantasy:Singleplayer:Difficult:Action RPG:Exploration:Great Soundtrack:Replay Value:Atmospheric:Hack and Slash:JRPG:Souls-like:MMORPG,https://cdn.cloudflare.steamstatic.com/steam/apps/256769025/movie_max.mp4?t=1578591031,"Welcome to a new world! In Monster Hunter: World, the latest installment in the series, you can enjoy the ultimate hunting experience, using everything at your disposal to hunt monsters in a new world teeming with surprises and excitement."
75,1091500,Cyberpunk 2077,10002,13647,9 Dec 2020,Mostly Positive,387579.0,Cyberpunk:Open World:RPG:Sci-fi:Futuristic:Singleplayer:FPS:Nudity:First-Person:Atmospheric:Exploration:Story Rich:Mature:Action:Violent:Great Soundtrack:Action RPG:Adventure:Character Customization:Immersive Sim,https://cdn.cloudflare.steamstatic.com/steam/apps/256810256/movie_max.mp4?t=1611326498,"Cyberpunk 2077 is an open-world, action-adventure story set in Night City, a megalopolis obsessed with power, glamour and body modification. You play as V, a mercenary outlaw going after a one-of-a-kind implant that is the key to immortality."
76,440900,Conan Exiles,9829,12266,8 May 2018,Mostly Positive,50458.0,Survival:Open World:Building:Nudity:Crafting:Open World Survival Craft:Multiplayer:RPG:Sandbox:Massively Multiplayer:Action:Adventure:Online Co-Op:Exploration:Violent:Co-op:Singleplayer:Fantasy:PvP:Gore,https://cdn.cloudflare.steamstatic.com/steam/apps/256800337/movie_max.mp4?t=1599739266,"An online multiplayer survival game, now with mounts and mounted combat, set in the lands of Conan the Barbarian. Survive in a vast open world sandbox, build a home and kingdom, dominate your enemies in single or multiplayer."
77,1134570,F1 2021,9703,10193,15 Jul 2021,Very Positive,9492.0,Racing:Immersive Sim:Sports:Driving:Automobile Sim:PvP:eSports:Controller:3D:Split Screen:Simulation:Realistic:Co-op:Cinematic:Local Multiplayer:Multiplayer:Online Co-Op:Singleplayer:VR:Arcade,https://cdn.cloudflare.steamstatic.com/steam/apps/256856663/movie_max.mp4?t=1634757276,"Every story has a beginning in F1® 2021, the official videogame of the 2021 FIA FORMULA ONE WORLD CHAMPIONSHIP™. Enjoy the stunning new features of F1® 2021, including the thrilling story experience ‘Braking Point’, two-player Career, and get even closer to the grid with ‘Real-Season Start’."
78,1259970,eFootball PES 2021 SEASON UPDATE,9669,10094,15 Sep 2020,Mostly Positive,17847.0,Sports:Multiplayer:Soccer:eSports:Realistic:Local Multiplayer:Co-op:Singleplayer:Local Co-Op:Psychological Horror:Online Co-Op:Football:Controller:Free to Play:Simulation:Horror:Sexual Content:Team-Based:Casual,https://cdn.cloudflare.steamstatic.com/steam/apps/256803629/movie_max.mp4?t=1601922367,Celebrate 25 years of PES with the eFootball PES 2021 Season Update* - available at a special anniversary price!
79,601510,Yu-Gi-Oh! Duel Links,9524,10690,16 Nov 2017,Very Positive,33948.0,Free to Play:Card Game:Strategy:Anime:Multiplayer:Trading Card Game:Singleplayer:Turn-Based:Competitive:Casual:RPG:Online Co-Op:Memes:Great Soundtrack:Action:Adventure:Simulation:Massively Multiplayer:Survival:MMORPG,https://cdn.cloudflare.steamstatic.com/steam/apps/256701350/movie_max.mp4?t=1576705559,"Take on Duelists around the world with ""Yu-Gi-Oh! Duel Links""! Step into a world that crosses dimensions and connects all Duelists. In Duel World, any location transforms into a Duel Field where heated Duels unfold!"
80,924970,Back 4 Blood,9520,17434,12 Oct 2021,Mostly Positive,12960.0,Zombies:Action:Online Co-Op:Multiplayer:Shooter:FPS:Co-op:Gore:First-Person:Horror:Adventure:Blood:Violent:Survival:Singleplayer:PvP:Survival Horror:PvE:Roguelite:Replay Value,https://cdn.cloudflare.steamstatic.com/steam/apps/256859582/movie_max.mp4?t=1636477206,"Back 4 Blood is a thrilling cooperative first-person shooter from the creators of the critically acclaimed Left 4 Dead franchise. Experience the intense 4 player co-op narrative campaign, competitive multiplayer as human or Ridden, and frenetic gameplay that keeps you in the action."
81,322170,Geometry Dash,9438,12011,22 Dec 2014,Very Positive,145671.0,Difficult:Music:Precision Platformer:Great Soundtrack:Level Editor:Rhythm:2D:Colorful:Singleplayer:Platformer:Character Customization:Arcade:Indie:Side Scroller:Action:Funny:Family Friendly:Casual:Strategy:Adventure,https://cdn.cloudflare.steamstatic.com/steam/apps/2036304/movie_max.mp4?t=1447366408,Jump and fly your way through danger in this rhythm-based action platformer!
82,1100600,Football Manager 2020,9169,10848,19 Nov 2019,Very Positive,16766.0,Simulation:Sports:Management:Soccer:Multiplayer:Football:Strategy:Singleplayer,https://cdn.cloudflare.steamstatic.com/steam/apps/256767772/movie_max.mp4?t=1574269310,"Run your football club, your way. Every decision counts in Football Manager 2020 with new features and polished game mechanics rewarding planning and progression like never before, empowering managers to develop and refine both your club’s and your own unique identity."
83,444090,Paladins,9157,11945,8 May 2018,Very Positive,312889.0,Hero Shooter:Free to Play:Multiplayer:FPS:Shooter:Action:Team-Based:First-Person:PvP:MOBA:Online Co-Op:Fantasy:Strategy:Co-op:Early Access:Massively Multiplayer:Funny:Adventure:Survival:Anime,https://cdn.cloudflare.steamstatic.com/steam/apps/256849677/movie_max.mp4?t=1630422825,"Join 50+ million players in Paladins, the free-to-play fantasy team-based shooter sensation. Wield guns and magic as a legendary Champion of the Realm, customizing your core set of abilities to play exactly how you want to play."
84,1222670,The Sims™ 4,9014,12659,18 Jun 2020,Very Positive,29683.0,Life Sim:Character Customization:Simulation:Building:Sexual Content:Casual:Singleplayer:Romance:Relaxing:Funny:Cute:Family Friendly:Multiplayer:Immersive Sim:Realistic:Fantasy:Cartoony:Beautiful:Atmospheric:LGBTQ+,https://cdn.cloudflare.steamstatic.com/steam/apps/256856879/movie_max.mp4?t=1634900290,Play with life and discover the possibilities. Unleash your imagination and create a world of Sims that’s wholly unique. Explore and customize every detail from Sims to homes–and much more.
85,435150,Divinity: Original Sin 2,8897,13456,14 Sep 2017,Overwhelmingly Positive,115591.0,Tactical RPG:Exploration:Story Rich:Turn-Based Strategy:CRPG:RPG:Fantasy:Party-Based RPG:Character Customization:PvP:Strategy RPG:Female Protagonist:Co-op Campaign:Local Co-Op:Romance:Isometric:Moddable:Funny:Strategy:3D,https://cdn.cloudflare.steamstatic.com/steam/apps/256789813/movie_max.mp4?t=1592914188,"The critically acclaimed RPG that raised the bar, from the creators of Baldur's Gate 3. Gather your party. Master deep, tactical combat. Venture as a party of up to four - but know that only one of you will have the chance to become a God."
86,1468810,鬼谷八荒 Tale of Immortal,8682,30027,27 Jan 2021,Very Positive,102481.0,RPG:Adventure:Sandbox:Mythology:Exploration:Story Rich:Action-Adventure:2D:Action RPG:Hand-drawn:Strategy RPG:Fantasy:Tactical RPG:Choose Your Own Adventure:Dating Sim:Management:Stylized:Colorful:Hack and Slash:Early Access,https://cdn.cloudflare.steamstatic.com/steam/apps/256849529/movie_max.mp4?t=1630647341,"Tale of Immortal is an open-world sandbox based on Chinese mythology and cultivation. You will grow to become immortal, conquer the beasts from the Classic of Mountains and Season, make your choices carefully and grasp your own destiny."
87,1172620,Sea of Thieves,8680,12736,3 Jun 2020,Very Positive,146156.0,Adventure:Multiplayer:Open World:Pirates:Action:Co-op:Online Co-Op:PvP:Sailing:First-Person:Exploration:Naval:Funny:PvE:Atmospheric:Massively Multiplayer:FPS:Great Soundtrack:Swordplay:Singleplayer,https://cdn.cloudflare.steamstatic.com/steam/apps/256838705/movie_max.mp4?t=1623609277,"Sea of Thieves offers the essential pirate experience, from sailing and fighting to exploring and looting – everything you need to live the pirate life and become a legend in your own right. With no set roles, you have complete freedom to approach the world, and other players, however you choose."
88,1313860,EA SPORTS™ FIFA 21 ,8350,9766,8 Oct 2020,Mostly Positive,38285.0,Sports:Soccer:Football:PvP:Multiplayer:Competitive:Controller:eSports:Simulation:Local Multiplayer:Singleplayer:Realistic:Online Co-Op:Local Co-Op:Co-op:Modern:Casual:Runner:Great Soundtrack:Souls-like,https://cdn.cloudflare.steamstatic.com/steam/apps/256812004/movie_max.mp4?t=1607098771,"Football is back with EA SPORTS™ FIFA 21, featuring more ways to team up on the street or in the stadium to enjoy even bigger victories with friends."
89,1151340,Fallout 76,8242,9738,14 Apr 2020,Mostly Positive,29762.0,Dark Comedy:RPG:Open World:Multiplayer:Post-apocalyptic:Capitalism:Survival:Base Building:Co-op:Horror:Shooter:MMORPG:Gore:Exploration:Violent:Early Access:FPS:Atmospheric:Great Soundtrack:Singleplayer,https://cdn.cloudflare.steamstatic.com/steam/apps/256864007/movie_max.mp4?t=1638995240,"Bethesda Game Studios welcome you to Fallout 76. Twenty-five years after the bombs fall, you and your fellow Vault Dwellers emerge into post-nuclear America. Explore a vast wasteland in this open-world multiplayer addition to the Fallout story."
90,632360,Risk of Rain 2,8220,11724,11 Aug 2020,Overwhelmingly Positive,112385.0,Third-Person Shooter:Action Roguelike:Multiplayer:Action:Roguelite:Co-op:Looter Shooter:Roguelike:Loot:Shooter:Online Co-Op:Difficult:Third Person:Survival:Indie:Singleplayer:Soundtrack:Early Access:Great Soundtrack:Bullet Hell,https://cdn.cloudflare.steamstatic.com/steam/apps/256827307/movie_max.mp4?t=1616688273,"Escape a chaotic alien planet by fighting through hordes of frenzied monsters – with your friends, or on your own. Combine loot in surprising ways and master each character until you become the havoc you feared upon your first crash landing."
91,242760,The Forest,7918,11706,30 Apr 2018,Very Positive,264327.0,Open World Survival Craft:Survival:Open World:Horror:Crafting:Adventure:Building:Survival Horror:First-Person:Action:Exploration:Sandbox:Atmospheric:Simulation:Singleplayer:Indie:Realistic:Gore:Early Access:Zombies,https://cdn.cloudflare.steamstatic.com/steam/apps/256715589/movie_max.mp4?t=1525039057,"As the lone survivor of a passenger jet crash, you find yourself in a mysterious forest battling to stay alive against a society of cannibalistic mutants. Build, explore, survive in this terrifying first person survival horror simulator."
92,284160,BeamNG.drive,7874,10572,29 May 2015,Overwhelmingly Positive,85999.0,Simulation:Driving:Physics:Destruction:Automobile Sim:Realistic:Open World:Racing:Sandbox:Moddable:Singleplayer:Early Access:Multiplayer:Exploration:First-Person:Funny:Third Person:Action:Adventure:Flight,https://cdn.cloudflare.steamstatic.com/steam/apps/256774853/movie_max.mp4?t=1581428621,A dynamic soft-body physics vehicle simulator capable of doing just about anything.
93,1293830,Forza Horizon 4,7606,9552,9 Mar 2021,Very Positive,69892.0,Racing:Open World:Driving:Multiplayer:Online Co-Op:Automobile Sim:Singleplayer:Realistic:Adventure:PvP:Arcade:Simulation:Action:Exploration:Controller:Great Soundtrack:Atmospheric:Sports:First-Person:Funny,https://cdn.cloudflare.steamstatic.com/steam/apps/256820720/movie_max.mp4?t=1612810706,Dynamic seasons change everything at the world’s greatest automotive festival. Go it alone or team up with others to explore beautiful and historic Britain in a shared open world.
94,1184370,Pathfinder: Wrath of the Righteous,7182,10242,2 Sep 2021,Very Positive,9550.0,CRPG:Story Rich:Tactical RPG:RPG:Character Customization:Female Protagonist:Gore:Choices Matter:Dungeons & Dragons:Isometric:Choose Your Own Adventure:Fantasy:Dark Fantasy:Turn-Based Combat:Singleplayer:Party-Based RPG:Exploration:Medieval:Tabletop:Adventure,https://cdn.cloudflare.steamstatic.com/steam/apps/256849888/movie_max.mp4?t=1637751755,"Embark on a journey to a realm overrun by demons in a new epic RPG from the creators of the critically acclaimed Pathfinder: Kingmaker. Explore the nature of good and evil, learn the true cost of power, and rise as a Mythic Hero capable of deeds beyond mortal expectations."
95,1286830,STAR WARS™: The Old Republic™,7104,9345,21 Jul 2020,Very Positive,33098.0,Free to Play:MMORPG:Character Customization:Multiplayer:Open World:RPG:Massively Multiplayer:Story Rich:Sci-fi:Adventure:Choices Matter:Action:Space:Third Person:PvP:Atmospheric:Action RPG:Party-Based RPG:Great Soundtrack:CRPG,https://cdn.cloudflare.steamstatic.com/steam/apps/256792746/movie_max.mp4?t=1595344814,"STAR WARS™: The Old Republic™ is a free-to-play MMORPG that puts you at the center of your own story-driven saga. Play as a Jedi, Sith, Bounty Hunter, or one of many other iconic STAR WARS roles in the galaxy far, far away over three thousand years before the classic films."
96,1644960,NBA 2K22,7020,13139,9 Sep 2021,Mixed,6266.0,Sports:Basketball:Simulation:eSports:Realistic:Multiplayer:3D:Singleplayer:Team-Based:Management:Character Customization:Controller:Deckbuilding:Trading:4 Player Local:Co-op:Local Co-Op:Gambling:Local Multiplayer:Online Co-Op,https://cdn.cloudflare.steamstatic.com/steam/apps/256843283/movie_max.mp4?t=1626480438,"NBA 2K22 puts the entire basketball universe in your hands. Anyone, anywhere can hoop in NBA 2K22."
97,244210,Assetto Corsa,6965,8707,19 Dec 2014,Very Positive,42497.0,Racing:Automobile Sim:Simulation:Driving:Realistic:Multiplayer:Sports:VR:Moddable:Controller:Physics:Singleplayer:Open World:First-Person:Indie:Replay Value:Action:3D Vision:TrackIR:Artificial Intelligence,https://cdn.cloudflare.steamstatic.com/steam/apps/256704206/movie_max.mp4?t=1513780792,"Assetto Corsa v1.16 introduces the new ""Laguna Seca"" laser-scanned track, 7 new cars among which the eagerly awaited Alfa Romeo Giulia Quadrifoglio! Check the changelog for further info!"
98,275850,No Man's Sky,6963,10122,12 Aug 2016,Mostly Positive,168792.0,Open World:Open World Survival Craft:Space:Exploration:Sci-fi:Survival:Procedural Generation:Adventure:First-Person:Sandbox:Singleplayer:Atmospheric:Multiplayer:Crafting:Space Sim:Indie:Action:Simulation:FPS:Great Soundtrack,https://cdn.cloudflare.steamstatic.com/steam/apps/256856589/movie_max.mp4?t=1634736675,No Man's Sky is a game about exploration and survival in an infinite procedurally generated universe.
99,1238810,Battlefield™ V,6724,33310,22 Oct 2020,Mostly Positive,68109.0,FPS:World War II:Shooter:Multiplayer:War:Singleplayer:First-Person:Military:PvP:Open World:Combat:Massively Multiplayer:Action:Historical:Destruction:Atmospheric:Battle Royale:Violent:Sexual Content:Female Protagonist,https://cdn.cloudflare.steamstatic.com/steam/apps/256806061/movie_max.mp4?t=1603387370,"This is the ultimate Battlefield V experience. Enter mankind’s greatest conflict with the complete arsenal of weapons, vehicles, and gadgets plus the best customization content of Year 1 and 2."
